CAM_Algorithm,Top_N,Average_Change,Average_Percentage_Change,Q25_Change,Median_Change,Q75_Change,Q25_Percentage,Median_Percentage,Q75_Percentage
GradCAM,5,5.1760666666666655,0.6001684570153082,3.6824999999999997,5.1450000000000005,6.705,0.4967252863271971,0.612004511787272,0.7451229113813316
XGradCAM,5,5.834266666666665,0.6767159167838003,4.300000000000001,5.875,7.324999999999999,0.5414960936119064,0.7025887334994922,0.8196492032557606
LayerCAM,5,5.0756,0.5871706701786126,3.66,4.91,6.5600000000000005,0.46457006369426745,0.6117046971958211,0.7255941333769684
