CAM_Algorithm,Top_N,Average_Change,Average_Percentage_Change,Q25_Change,Median_Change,Q75_Change,Q25_Percentage,Median_Percentage,Q75_Percentage
GradCAM,1,6.455333333333332,0.6150536570971445,5.0275,6.56,8.3575,0.49084892716440376,0.6201539732993147,0.7442475365010577
XGradCAM,1,7.259,0.6956253161845584,5.5475,7.4350000000000005,9.095,0.542836459478306,0.6997012458682939,0.8084887594021235
LayerCAM,1,6.298666666666666,0.5947260555663338,3.994999999999999,6.475,8.272499999999999,0.4907298048768485,0.6007459600458074,0.7312105850898695
