CAM_Algorithm,Top_N,Average_Change,Average_Percentage_Change,Q25_Change,Median_Change,Q75_Change,Q25_Percentage,Median_Percentage,Q75_Percentage
GradCAM,5,5.400399999999999,0.5985557895292394,3.96,5.470000000000001,6.340000000000001,0.5169712793733682,0.6175732217573221,0.6971201588877856
HiResCAM,5,5.4752,0.6074757050186587,4.0600000000000005,5.33,6.45,0.5300261096605745,0.6209205020920502,0.7000993048659385
GradCAMPlusPlus,5,5.45,0.6049144612990625,3.9899999999999998,5.460000000000001,6.430000000000001,0.5180327868852459,0.6261261261261262,0.7006802721088434
XGradCAM,5,6.330400000000001,0.70236217792843,4.510000000000001,5.9399999999999995,7.7700000000000005,0.5839017735334243,0.6684073107049608,0.8259414225941423
LayerCAM,5,5.4284,0.6018174600630688,4.02,5.31,6.5,0.5390862944162437,0.6016646848989299,0.6768707482993198
