CAM_Algorithm,Top_N,Average_Change,Average_Percentage_Change,Q25_Change,Median_Change,Q75_Change,Q25_Percentage,Median_Percentage,Q75_Percentage
GradCAM,1,7.0760000000000005,0.59764231238345,5.35,6.1,7.379999999999999,0.5431472081218274,0.5506756756756757,0.6175732217573221
HiResCAM,1,7.119999999999999,0.6010305598070615,5.33,6.129999999999999,7.419999999999999,0.5411167512690356,0.5551801801801802,0.6209205020920502
GradCAMPlusPlus,1,7.2,0.6114958720708803,5.5600000000000005,6.319999999999999,7.239999999999999,0.531979695431472,0.605857740585774,0.6261261261261262
XGradCAM,1,7.93,0.6769566792410546,5.9399999999999995,6.1499999999999995,9.87,0.6243654822335025,0.6587837837837839,0.7888074616922052
LayerCAM,1,7.164,0.6069180201288347,5.31,6.589999999999999,6.969999999999999,0.5401639344262295,0.5832635983263598,0.5945945945945946
