CAM_Algorithm,Top_N,Average_Change,Average_Percentage_Change,Q25_Change,Median_Change,Q75_Change,Q25_Percentage,Median_Percentage,Q75_Percentage
GradCAM,5,6.048666666666667,0.6074240083922274,4.6675,5.640000000000001,7.2975,0.5299262628887107,0.6235800123926192,0.6894344853627998
HiResCAM,5,6.156666666666666,0.6191873835168242,4.7075000000000005,5.700000000000001,7.4,0.5392381090367182,0.638147012804547,0.699243233958087
