CAM_Algorithm,Top_N,Average_Change,Average_Percentage_Change,Q25_Change,Median_Change,Q75_Change,Q25_Percentage,Median_Percentage,Q75_Percentage
GradCAM,1,7.982,0.6243578447596575,6.257499999999999,7.96,9.95,0.556510792330813,0.6169082268682435,0.685352063457985
HiResCAM,1,8.128333333333332,0.6366506126484676,6.6425,8.18,10.067499999999999,0.5684573854361854,0.6356314330897332,0.6839214380825566
