CAM_Algorithm,Top_N,Average_Change,Average_Percentage_Change,Q25_Change,Median_Change,Q75_Change,Q25_Percentage,Median_Percentage,Q75_Percentage
GradCAM,1,7.694615384615384,0.6434078608071387,7.040000000000001,8.14,8.82,0.6143106457242583,0.6477354421279655,0.7447392497712718
HiResCAM,1,7.785384615384616,0.6508897362539205,7.190000000000001,8.1,8.81,0.6273996509598605,0.6513299784327822,0.7581227436823105
GradCAMPlusPlus,1,7.876153846153846,0.6586876404649123,7.370000000000001,8.36,8.84,0.6258607498087222,0.643106457242583,0.7545126353790613
XGradCAM,1,9.3,0.7940442152877678,7.78,9.58,10.52,0.7635253054101221,0.8338692390139336,0.8764867337602928
LayerCAM,1,7.77153846153846,0.6498897960076404,7.220000000000001,8.219999999999999,8.700000000000001,0.6222826086956521,0.6345733041575493,0.7472924187725632
