CAM_Algorithm,Top_N,Average_Change,Average_Percentage_Change,Q25_Change,Median_Change,Q75_Change,Q25_Percentage,Median_Percentage,Q75_Percentage
GradCAM,5,5.995230769230769,0.631110044133173,3.94,5.92,7.59,0.5131926121372031,0.6428571428571429,0.7541766109785203
HiResCAM,5,6.0887692307692305,0.641467751269048,4.2,5.91,7.84,0.5258358662613981,0.6488095238095238,0.7673031026252983
GradCAMPlusPlus,5,6.120461538461539,0.6435192351150443,4.199999999999999,6.07,7.93,0.5170157068062827,0.6428571428571429,0.7897334649555774
XGradCAM,5,7.206923076923076,0.7643262227257844,5.8100000000000005,7.09,8.84,0.6730123180291153,0.7931222707423581,0.8635563380281689
LayerCAM,5,6.0218461538461545,0.6335391310458669,4.06,5.92,7.82,0.5076923076923077,0.6346483704974272,0.7673031026252983
